Размер,Линейный (сек),Binary (сек),RBTree (сек)
100,0.00000040,0.00000030,0.00000029
1000,0.00000116,0.00000031,0.00000030
10000,0.00000596,0.00000037,0.00000033
50000,0.00001832,0.00000043,0.00000036
100000,0.00002708,0.00000045,0.00000038
200000,0.00003445,0.00000049,0.00000039
300000,0.00003752,0.00000051,0.00000041
